-- Auto-generated seed data
BEGIN;

ALTER TABLE students DISABLE ROW LEVEL SECURITY;
ALTER TABLE services DISABLE ROW LEVEL SECURITY;
ALTER TABLE service_students DISABLE ROW LEVEL SECURITY;

INSERT INTO students (id, name, short_description, long_description, image, categories, services, email, phone, instagram, facebook, tiktok, portfolio_url, resume_url) VALUES ('binyamin', 'בנימין', 'עורך סרטונים מקצועי עם עין לפרטים', 'בנימין עורך סרטונים ברמה גבוהה. הוא מתמחה בעריכת תוכן לרשתות חברתיות, סרטוני תדמית ופרויקטים יצירתיים. הוא מביא סיפור ויזואלי מרתק לכל פרויקט.', '/placeholder.svg', '{"הפקת וידאו","שיעורים וחוגים","תלת-מימד","מייקרס"}', '{"מייקרס":["הדפסות תלת מימד"],"תלת-מימד":["מידול בתלת מימד Blender"],"הפקת וידאו":["עריכת וידאו"],"שיעורים וחוגים":["שיעור עריכת וידאו","שיעור תורה"]}', 'studio@chamama.org', '050-0000009', NULL, NULL, NULL, NULL, NULL) ON CONFLICT (id) DO NOTHING;
INSERT INTO students (id, name, short_description, long_description, image, categories, services, email, phone, instagram, facebook, tiktok, portfolio_url, resume_url) VALUES ('bar', 'בר', 'תיאור קצר - בקרוב', 'תיאור מלא של בר יתעדכן בקרוב.', '/images/bar.jpeg', '{"הפקת וידאו","אפליקציות ואתרים"}', '{"הפקת וידאו":["הפקת סרטון תדמית"],"אפליקציות ואתרים":["יצירת משחקים חינוכיים"]}', 'studio@chamama.org', '050-0000012', NULL, NULL, NULL, NULL, NULL) ON CONFLICT (id) DO NOTHING;
INSERT INTO students (id, name, short_description, long_description, image, categories, services, email, phone, instagram, facebook, tiktok, portfolio_url, resume_url) VALUES ('ido', 'עידו', 'בנאי עץ מיומן – מתמחה בכלובים מעוצבים מעץ', 'עידו בונה כלובים ומבנים מעץ בעבודת יד מדויקת. הוא משלב בין פונקציונליות לאסתטיקה, ויוצר מוצרים ייחודיים ואיכותיים. כל פרויקט הוא מלאכת מחשבת.', '/placeholder.svg', '{"שיעורים וחוגים","מייקרס"}', '{"מייקרס":["נגרות ובניית בעץ","עבודות מתכת"],"שיעורים וחוגים":["חוגי מייקרים לילדים"]}', 'studio@chamama.org', '050-0000006', NULL, NULL, NULL, NULL, NULL) ON CONFLICT (id) DO NOTHING;
INSERT INTO students (id, name, short_description, long_description, image, categories, services, email, phone, instagram, facebook, tiktok, portfolio_url, resume_url) VALUES ('emma', 'אמה', 'מנהיגה, זמרת, כותבת ויוצרת קרושה', 'אמה משלבת בין כישורי מנהיגות לכישרון אמנותי. היא מנהלת צוותים, כותבת טקסטים ושירים, שרה ויוצרת עבודות קרושה ייחודיות. היא מביאה אנרגיה חיובית ומקצועיות לכל פרויקט.', '/placeholder.svg', '{"עיצוב גרפי","שיעורים וחוגים"}', '{"עיצוב גרפי":["עיצוב כרזות ועלונים","עיצוב לוגו"],"שיעורים וחוגים":["חוגי יצירה לילדים"]}', 'studio@chamama.org', '050-0000002', NULL, NULL, NULL, NULL, NULL) ON CONFLICT (id) DO NOTHING;
INSERT INTO students (id, name, short_description, long_description, image, categories, services, email, phone, instagram, facebook, tiktok, portfolio_url, resume_url) VALUES ('miyael', 'מיאל', 'מוזיקאית רב-תחומית, יוצרת תכשיטים ומאמנת כוח וקונג פו', 'מיאל היא מוזיקאית מגוונת המנגנת גיטרה, שרה וכותבת שירים מקוריים. לצד המוזיקה, היא עוסקת בתכשיטנות יצירתית ומלמדת קונג פו ואימוני כוח. היא מאמינה בשילוב בין אמנות לגוף ומביאה גישה ייחודית לכל פרויקט.', '/images/miyael.jpeg', '{"הפקה מוזיקלית","שיעורים וחוגים"}', '{"הפקה מוזיקלית":["הפקת שיר"],"שיעורים וחוגים":["חוגי יצירה לילדים","חוגי ספורט ובריאות הגוף"]}', 'studio@chamama.org', '050-0000001', NULL, NULL, NULL, NULL, NULL) ON CONFLICT (id) DO NOTHING;
INSERT INTO students (id, name, short_description, long_description, image, categories, services, email, phone, instagram, facebook, tiktok, portfolio_url, resume_url) VALUES ('noga', 'נוגה', 'תופרת, יוצרת תכשיטים, מדריכת סיורים ובשלנית', 'נוגה יוצרת ביצירתיות ובאהבה. היא תופרת בגדים ואקססוריז, מעצבת תכשיטים, מדריכה סיורים ייחודיים ומבשלת ארוחות מיוחדות. היא מחברת בין מסורת לחדשנות.', '/placeholder.svg', '{"שיעורים וחוגים","מייקרס"}', '{"מייקרס":["טקסטיל - תיקון ותפירה"],"שיעורים וחוגים":["חוגי יצירה לילדים"]}', 'studio@chamama.org', '050-0000004', NULL, NULL, NULL, NULL, NULL) ON CONFLICT (id) DO NOTHING;
INSERT INTO students (id, name, short_description, long_description, image, categories, services, email, phone, instagram, facebook, tiktok, portfolio_url, resume_url) VALUES ('yaara', 'יערה', 'אמנית ויטראז׳ – יוצרת יצירות זכוכית צבעוניות', 'יערה מתמחה באמנות הוויטראז׳ ויוצרת חלונות ויצירות זכוכית צבעוניות ומרהיבות. כל עבודה שלה היא ייחודית ומשלבת בין מסורת עתיקה לעיצוב מודרני.', '/placeholder.svg', '{"עיצוב גרפי","שיעורים וחוגים","מייקרס"}', '{"מייקרס":["טקסטיל - תיקון ותפירה"],"עיצוב גרפי":["עיצוב כרזות ועלונים"],"שיעורים וחוגים":["חוגי יצירה לילדים"]}', 'studio@chamama.org', '050-0000007', NULL, NULL, NULL, NULL, NULL) ON CONFLICT (id) DO NOTHING;
INSERT INTO students (id, name, short_description, long_description, image, categories, services, email, phone, instagram, facebook, tiktok, portfolio_url, resume_url) VALUES ('finn', 'פין', 'תיאור קצר - בקרוב', 'תיאור מלא של פין יתעדכן בקרוב.', '/placeholder.svg', '{"הפקת וידאו","הפקה מוזיקלית"}', '{"הפקת וידאו":["עריכת וידאו","הפקת סרטון תדמית"],"הפקה מוזיקלית":["הפקת מוזיקה מקורית לסרט/הצגה"]}', 'studio@chamama.org', '050-0000013', NULL, NULL, NULL, NULL, NULL) ON CONFLICT (id) DO NOTHING;
INSERT INTO students (id, name, short_description, long_description, image, categories, services, email, phone, instagram, facebook, tiktok, portfolio_url, resume_url) VALUES ('maya', 'מאיה', 'אמנית אקרובטיקה אווירית – ביצועים מרהיבים בגובה', 'מאיה מתמחה באקרובטיקה אווירית ומופיעה בביצועים מרהיבים. היא משלבת כוח, גמישות וביטוי אמנותי בגובה רב. ההופעות שלה הן חוויה ויזואלית בלתי נשכחת.', '/placeholder.svg', '{"שיעורים וחוגים","מייקרס"}', '{"מייקרס":["טקסטיל - תיקון ותפירה"],"שיעורים וחוגים":["חוגי מייקרים לילדים","חוגי יצירה לילדים"]}', 'studio@chamama.org', '050-0000011', NULL, NULL, NULL, NULL, NULL) ON CONFLICT (id) DO NOTHING;
INSERT INTO students (id, name, short_description, long_description, image, categories, services, email, phone, instagram, facebook, tiktok, portfolio_url, resume_url) VALUES ('moriah', 'מוריה', 'אמנית, מעצבת גרפית, מאפרת ובשלנית יצירתית', 'מוריה היא יוצרת ויזואלית רב-תחומית. היא מציירת, מעצבת גרפיקה, עוסקת באופנה ואיפור, ואוהבת לבשל ולאפות. היא מביאה עין אמנותית לכל דבר שהיא נוגעת בו.', '/images/moriah.png', '{"הפקה מוזיקלית","עיצוב גרפי","הפקת וידאו","שיעורים וחוגים"}', '{"הפקת וידאו":["הפקת סרטון תדמית"],"עיצוב גרפי":["עיצוב כרזות ועלונים","עיצוב סושיאל ואתרים","עיצוב לוגו"],"הפקה מוזיקלית":["הפקת שיר"],"שיעורים וחוגים":["חוגי יצירה לילדים"]}', 'studio@chamama.org', '050-0000003', NULL, NULL, NULL, NULL, NULL) ON CONFLICT (id) DO NOTHING;
INSERT INTO students (id, name, short_description, long_description, image, categories, services, email, phone, instagram, facebook, tiktok, portfolio_url, resume_url) VALUES ('tzvi', 'צבי', 'מפיק מוזיקלי, מהנדס סאונד ועורך וידאו', 'צבי הוא הקול מאחורי הקלעים. הוא מפיק מוזיקה, מתכנן ובונה אולפנים, עורך וידאו ומנהל סאונד והגברה באירועים. הידע הטכני שלו משולב עם אוזן מוזיקלית מפותחת.', '/placeholder.svg', '{"הפקת וידאו","הפקה מוזיקלית","שיעורים וחוגים"}', '{"הפקת וידאו":["צילום אירועים","עריכת וידאו","הפקת סרטון תדמית"],"הפקה מוזיקלית":["הפקת שיר","הפקת מוזיקה מקורית לסרט/הצגה"],"שיעורים וחוגים":["שיעור עריכת וידאו","שיעור בהפקת סאונד"]}', 'studio@chamama.org', '050-0000005', NULL, NULL, NULL, NULL, NULL) ON CONFLICT (id) DO NOTHING;
INSERT INTO students (id, name, short_description, long_description, image, categories, services, email, phone, instagram, facebook, tiktok, portfolio_url, resume_url) VALUES ('naama', 'נעמה', 'תיאור קצר - בקרוב', 'תיאור מלא של נעמה יתעדכן בקרוב.', '/placeholder.svg', '{"שיעורים וחוגים","מייקרס"}', '{"מייקרס":["נגרות ובניית בעץ"],"שיעורים וחוגים":["חוגי יצירה לילדים"]}', 'studio@chamama.org', '050-0000018', NULL, NULL, NULL, NULL, NULL) ON CONFLICT (id) DO NOTHING;
INSERT INTO students (id, name, short_description, long_description, image, categories, services, email, phone, instagram, facebook, tiktok, portfolio_url, resume_url) VALUES ('natali', 'נטלי', 'תיאור קצר - בקרוב', 'תיאור מלא של נטלי יתעדכן בקרוב.', '/placeholder.svg', '{"עיצוב גרפי","הפקת וידאו","שיעורים וחוגים"}', '{"הפקת וידאו":["הפקת סרטון אנימציה"],"עיצוב גרפי":["עיצוב כרזות ועלונים","עיצוב סושיאל ואתרים","עיצוב לוגו"],"שיעורים וחוגים":["חוגי יצירה לילדים"]}', 'studio@chamama.org', '050-0000024', NULL, NULL, NULL, NULL, NULL) ON CONFLICT (id) DO NOTHING;
INSERT INTO students (id, name, short_description, long_description, image, categories, services, email, phone, instagram, facebook, tiktok, portfolio_url, resume_url) VALUES ('toby', 'טובי', 'תיאור קצר - בקרוב', 'תיאור מלא של טובי יתעדכן בקרוב.', '/placeholder.svg', '{"עיצוב גרפי","הפקת וידאו","שיעורים וחוגים"}', '{"הפקת וידאו":["הפקת סרטון אנימציה"],"עיצוב גרפי":["עיצוב כרזות ועלונים","עיצוב סושיאל ואתרים","עיצוב לוגו"],"שיעורים וחוגים":["חוגי יצירה לילדים"]}', 'studio@chamama.org', '050-0000025', NULL, NULL, NULL, NULL, NULL) ON CONFLICT (id) DO NOTHING;
INSERT INTO students (id, name, short_description, long_description, image, categories, services, email, phone, instagram, facebook, tiktok, portfolio_url, resume_url) VALUES ('yoav', 'יואב', 'תיאור קצר - בקרוב', 'תיאור מלא של יואב יתעדכן בקרוב.', '/placeholder.svg', '{"הפקה מוזיקלית","שיעורים וחוגים"}', '{"הפקה מוזיקלית":["הפקת שיר","הפקת מוזיקה מקורית לסרט/הצגה"],"שיעורים וחוגים":["שיעור בהפקת סאונד"]}', 'studio@chamama.org', '050-0000026', NULL, NULL, NULL, NULL, NULL) ON CONFLICT (id) DO NOTHING;
INSERT INTO students (id, name, short_description, long_description, image, categories, services, email, phone, instagram, facebook, tiktok, portfolio_url, resume_url) VALUES ('alon', 'אלון', 'בונה ריהוט ומעצב תלת מימד', 'אלון משלב בין נגרות מעשית לעיצוב דיגיטלי. הוא בונה ריהוט בהתאמה אישית ומעצב מודלים תלת ממדיים. הגישה שלו מחברת בין חומרים פיזיים לעולם הווירטואלי.', '/placeholder.svg', '{"תלת-מימד","מייקרס"}', '{"מייקרס":["נגרות ובניית בעץ","עבודות מתכת","טקסטיל - תיקון ותפירה","חיתוך לייזר ו-CNC","הדפסות תלת מימד"],"תלת-מימד":["מידול בתלת מימד SolidWorks"]}', 'studio@chamama.org', '050-0000008', NULL, NULL, NULL, NULL, NULL) ON CONFLICT (id) DO NOTHING;
INSERT INTO students (id, name, short_description, long_description, image, categories, services, email, phone, instagram, facebook, tiktok, portfolio_url, resume_url) VALUES ('aviv', 'אביב', 'תיאור קצר - בקרוב', 'תיאור מלא של אביב יתעדכן בקרוב.', '/placeholder.svg', '{"הפקת וידאו","שיעורים וחוגים","תלת-מימד","אפליקציות ואתרים"}', '{"תלת-מימד":["מידול בתלת מימד Blender"],"הפקת וידאו":["עריכת וידאו"],"שיעורים וחוגים":["שיעור עריכת וידאו","חוגי תכנות לילדים"],"אפליקציות ואתרים":["בניית אפליקציית ווב","בניית ועיצוב אתר","הטמעת מערכות מחשוב ו-AI"]}', 'studio@chamama.org', '050-0000019', NULL, NULL, NULL, NULL, NULL) ON CONFLICT (id) DO NOTHING;
INSERT INTO students (id, name, short_description, long_description, image, categories, services, email, phone, instagram, facebook, tiktok, portfolio_url, resume_url) VALUES ('shiri', 'שירי', 'תיאור קצר - בקרוב', 'תיאור מלא של שירי יתעדכן בקרוב.', '/placeholder.svg', '{"הפקה מוזיקלית","שיעורים וחוגים","עיצוב גרפי","הפקת וידאו","מייקרס"}', '{"מייקרס":["טקסטיל - תיקון ותפירה"],"הפקת וידאו":["הפקת סרטון אנימציה"],"עיצוב גרפי":["עיצוב כרזות ועלונים","עיצוב סושיאל ואתרים","עיצוב לוגו"],"הפקה מוזיקלית":["הפקת שיר","הפקת מוזיקה מקורית לסרט/הצגה"],"שיעורים וחוגים":["חוגי מייקרים לילדים","שיעור בהפקת סאונד","חוגי יצירה לילדים"]}', 'studio@chamama.org', '050-0000015', NULL, NULL, NULL, NULL, NULL) ON CONFLICT (id) DO NOTHING;
INSERT INTO students (id, name, short_description, long_description, image, categories, services, email, phone, instagram, facebook, tiktok, portfolio_url, resume_url) VALUES ('oren', 'אורן', 'תיאור קצר - בקרוב', 'תיאור מלא של אורן יתעדכן בקרוב.', '/placeholder.svg', '{"שיעורים וחוגים","מייקרס","אפליקציות ואתרים"}', '{"מייקרס":["טקסטיל - תיקון ותפירה"],"שיעורים וחוגים":["חוגי תכנות לילדים"],"אפליקציות ואתרים":["בניית אפליקציית ווב","בניית ועיצוב אתר","הטמעת מערכות מחשוב ו-AI"]}', 'studio@chamama.org', '050-0000016', NULL, NULL, NULL, NULL, NULL) ON CONFLICT (id) DO NOTHING;
INSERT INTO students (id, name, short_description, long_description, image, categories, services, email, phone, instagram, facebook, tiktok, portfolio_url, resume_url) VALUES ('noya', 'נויה', 'תיאור קצר - בקרוב', 'תיאור מלא של נויה יתעדכן בקרוב.', '/placeholder.svg', '{"שיעורים וחוגים","מייקרס"}', '{"מייקרס":["טקסטיל - תיקון ותפירה"],"שיעורים וחוגים":["חוגי יצירה לילדים"]}', 'studio@chamama.org', '050-0000017', NULL, NULL, NULL, NULL, NULL) ON CONFLICT (id) DO NOTHING;
INSERT INTO students (id, name, short_description, long_description, image, categories, services, email, phone, instagram, facebook, tiktok, portfolio_url, resume_url) VALUES ('yishai', 'ישי', 'תיאור קצר - בקרוב', 'תיאור מלא של ישי יתעדכן בקרוב.', '/placeholder.svg', '{"הפקת וידאו","שיעורים וחוגים","מייקרס"}', '{"מייקרס":["נגרות ובניית בעץ","עבודות מתכת","טקסטיל - תיקון ותפירה"],"הפקת וידאו":["עריכת וידאו","הפקת סרטון אנימציה"],"שיעורים וחוגים":["שיעור עריכת וידאו","חוגי יצירה לילדים"]}', 'studio@chamama.org', '050-0000020', NULL, NULL, NULL, NULL, NULL) ON CONFLICT (id) DO NOTHING;
INSERT INTO students (id, name, short_description, long_description, image, categories, services, email, phone, instagram, facebook, tiktok, portfolio_url, resume_url) VALUES ('rafael', 'רפאל', 'תיאור קצר - בקרוב', 'תיאור מלא של רפאל יתעדכן בקרוב.', '/placeholder.svg', '{"שיעורים וחוגים"}', '{"שיעורים וחוגים":["חוגי ספורט ובריאות הגוף"]}', 'studio@chamama.org', '050-0000021', NULL, NULL, NULL, NULL, NULL) ON CONFLICT (id) DO NOTHING;
INSERT INTO students (id, name, short_description, long_description, image, categories, services, email, phone, instagram, facebook, tiktok, portfolio_url, resume_url) VALUES ('hillel', 'הלל', 'תיאור קצר - בקרוב', 'תיאור מלא של הלל יתעדכן בקרוב.', '/images/hillel.jpeg', '{"שיעורים וחוגים","אפליקציות ואתרים"}', '{"שיעורים וחוגים":["חוגי מייקרים לילדים"],"אפליקציות ואתרים":["בניית אפליקציית ווב","בניית ועיצוב אתר"]}', 'studio@chamama.org', '050-0000022', NULL, NULL, NULL, NULL, NULL) ON CONFLICT (id) DO NOTHING;
INSERT INTO students (id, name, short_description, long_description, image, categories, services, email, phone, instagram, facebook, tiktok, portfolio_url, resume_url) VALUES ('eden', 'עדן', 'תיאור קצר - בקרוב', 'תיאור מלא של עדן יתעדכן בקרוב.', '/images/eden.jpeg', '{"הפקת וידאו","שיעורים וחוגים","מייקרס"}', '{"מייקרס":["נגרות ובניית בעץ","טקסטיל - תיקון ותפירה","חיתוך לייזר ו-CNC"],"הפקת וידאו":["עריכת וידאו","הפקת סרטון תדמית"],"שיעורים וחוגים":["שיעור עריכת וידאו"]}', 'studio@chamama.org', '050-0000014', NULL, NULL, NULL, NULL, NULL) ON CONFLICT (id) DO NOTHING;
INSERT INTO students (id, name, short_description, long_description, image, categories, services, email, phone, instagram, facebook, tiktok, portfolio_url, resume_url) VALUES ('idan', 'עידן', 'מהנדס רובוטיקה ואלקטרוניקה צעיר ויצירתי', 'עידן בונה רובוטים ומערכות אלקטרוניות מאפס. הוא משלב בין תכנות, חומרה ויצירתיות כדי ליצור פתרונות טכנולוגיים חדשניים. התשוקה שלו לטכנולוגיה מניעה אותו ליצור דברים מדהימים.', '/images/idan.jpeg', '{"הפקת וידאו","שיעורים וחוגים","מייקרס","אפליקציות ואתרים"}', '{"מייקרס":["טקסטיל - תיקון ותפירה","חיתוך לייזר ו-CNC","הדפסות תלת מימד"],"הפקת וידאו":["עריכת וידאו","צילום אירועים"],"שיעורים וחוגים":["חוגי מייקרים לילדים"],"אפליקציות ואתרים":["בניית אפליקציית ווב"]}', 'studio@chamama.org', '050-0000010', NULL, NULL, NULL, NULL, NULL) ON CONFLICT (id) DO NOTHING;
INSERT INTO students (id, name, short_description, long_description, image, categories, services, email, phone, instagram, facebook, tiktok, portfolio_url, resume_url) VALUES ('arbel', 'ארבל', 'תיאור קצר - בקרוב', 'תיאור מלא של ארבל יתעדכן בקרוב.', '/placeholder.svg', '{"שיעורים וחוגים","תלת-מימד","מייקרס"}', '{"מייקרס":["נגרות ובניית בעץ","עבודות מתכת","חיתוך לייזר ו-CNC","הדפסות תלת מימד"],"תלת-מימד":["מידול בתלת מימד Blender","מידול בתלת מימד SolidWorks"],"שיעורים וחוגים":["חוגי מייקרים לילדים","חוגי יצירה לילדים","חוגי ספורט ובריאות הגוף"]}', 'studio@chamama.org', '050-0000023', NULL, NULL, NULL, NULL, NULL) ON CONFLICT (id) DO NOTHING;

INSERT INTO services (id, title, slug, short_description, long_description, image, category) VALUES ('3623340a-c99e-42f3-aeca-453cb74f44c8', 'הפקת שיר', 'music-editing', 'הפקה מוזיקלית, מיקס ועריכת שמע — מרעיון לשיר מוגמר', 'שירות הפקה ועריכה מוזיקלית הכולל הקלטה, מיקס, מאסטרינג ועיבוד מוזיקלי. מתאים ליוצרים עצמאיים, להקות, ופרויקטים יצירתיים מכל הסוגים.', '/images/service-music-editing.jpg', 'הפקה מוזיקלית') ON CONFLICT (id) DO NOTHING;
INSERT INTO services (id, title, slug, short_description, long_description, image, category) VALUES ('f8a2f83d-a968-4920-ad05-89e808606ac2', 'חוגי יצירה לילדים', 'art-workshops-kids', 'חוגי יצירה מגוונים לילדים — ציור, פיסול, קולאז׳ ועוד', 'חוגי יצירה מותאמים לגילאים שונים, המשלבים טכניקות אמנותיות מגוונות כמו ציור, פיסול, קולאז׳ ועבודה עם חומרים ממוחזרים. החוגים מעודדים חשיבה יצירתית, עבודת צוות והנאה מהתהליך.', '/images/service-art-workshops.jpg', 'שיעורים וחוגים') ON CONFLICT (id) DO NOTHING;
INSERT INTO services (id, title, slug, short_description, long_description, image, category) VALUES ('70495057-34e5-432c-9da3-a321007fc601', 'צילום אירועים', 'event-photography', 'צילום מקצועי לאירועים, ימי הולדת, בר/בת מצוות ואירועים מיוחדים', 'שירות צילום אירועים מקיף — מהתכנון ועד המסירה. החניכים שלנו מתמחים בצילום אירועים, אירועים משפחתיים ואירועים עסקיים, עם דגש על רגעים אותנטיים ותוצאות מקצועיות.', '/images/service-event-photography.jpg', 'הפקת וידאו') ON CONFLICT (id) DO NOTHING;
INSERT INTO services (id, title, slug, short_description, long_description, image, category) VALUES ('503f3ef2-07c0-49c8-9409-7aba8a65a793', 'עריכת וידאו', 'video-editing', 'עריכת סרטונים מקצועית לכל מטרה — מתוכן לרשתות ועד סרטוני תדמית', 'שירות עריכת וידאו מקצועי הכולל עריכת סרטונים לרשתות חברתיות, סרטוני תדמית, קליפים ועוד. החניכים שלנו עובדים עם תוכנות מקצועיות ומביאים גישה יצירתית וצעירה לכל פרויקט.', '/images/service-video-editing.jpg', 'הפקת וידאו') ON CONFLICT (id) DO NOTHING;
INSERT INTO services (id, title, slug, short_description, long_description, image, category) VALUES ('92124912-7545-411e-9f5c-69f7c3756007', 'חוגי תכנות לילדים', 'coding-workshops-kids', 'חוגי תכנות לילדים — Scratch, Python ועוד', 'חוגי תכנות מותאמים לילדים ונוער, מ-Scratch למתחילים ועד Python למתקדמים. הילדים לומדים חשיבה לוגית, פתרון בעיות ובניית פרויקטים דיגיטליים משלהם.', '/images/service-coding-kids.jpg', 'שיעורים וחוגים') ON CONFLICT (id) DO NOTHING;
INSERT INTO services (id, title, slug, short_description, long_description, image, category) VALUES ('d17d1603-c1a8-44d7-a1f4-62839c2234e9', 'חוגי מייקרים לילדים', 'makers-workshops-kids', 'חוגי מייקרים — אלקטרוניקה, רובוטיקה ויצירה טכנולוגית', 'חוגי מייקרים המשלבים אלקטרוניקה, רובוטיקה, הדפסת תלת מימד ועבודה עם כלים. הילדים בונים פרויקטים אמיתיים ולומדים לחשוב כמו מהנדסים ויוצרים.', '/images/service-makers-kids.jpg', 'שיעורים וחוגים') ON CONFLICT (id) DO NOTHING;
INSERT INTO services (id, title, slug, short_description, long_description, image, category) VALUES ('026c32d5-3143-4251-a89d-d24012764e35', 'שיעור עריכת וידאו', 'video-editing-lesson', 'שיעורים פרטיים בעריכת וידאו — Premiere, DaVinci ועוד', 'שיעורים פרטיים או קבוצתיים בעריכת וידאו, עם התמקדות בתוכנות מקצועיות כמו Premiere Pro ו-DaVinci Resolve. מתאים למתחילים ולמתקדמים.', '/images/service-video-lesson.jpg', 'שיעורים וחוגים') ON CONFLICT (id) DO NOTHING;
INSERT INTO services (id, title, slug, short_description, long_description, image, category) VALUES ('4cba630c-040d-4add-887b-6ce8ad4d462b', 'שיעור בהפקת סאונד', 'sound-production-lesson', 'שיעורים בהפקת סאונד — הקלטה, מיקס ומאסטרינג', 'שיעורים מעשיים בהפקת סאונד הכוללים עבודה עם תוכנות DAW, טכניקות הקלטה, מיקס ומאסטרינג. מתאים למוזיקאים צעירים ולכל מי שמתעניין בעולם האודיו.', '/images/service-sound-production.jpg', 'שיעורים וחוגים') ON CONFLICT (id) DO NOTHING;
INSERT INTO services (id, title, slug, short_description, long_description, image, category) VALUES ('a65a2e3f-9fd6-4482-a1a6-6881dba0ce88', 'הפקת מוזיקה מקורית לסרט/הצגה', 'original-music-production', 'הלחנה והפקת מוזיקה מקורית לסרטים, הצגות ופרויקטים', 'הלחנה והפקה של מוזיקה מקורית המותאמת לפרויקט — סרט קצר, הצגת בית ספר, סרטון תדמית או כל יצירה אחרת. כולל עבודה צמודה עם הלקוח להתאמת האווירה והסגנון.', '/images/service-original-music.jpg', 'הפקה מוזיקלית') ON CONFLICT (id) DO NOTHING;
INSERT INTO services (id, title, slug, short_description, long_description, image, category) VALUES ('d1e2f665-7554-4867-970a-477907a6a7ca', 'עיצוב כרזות ועלונים', 'poster-flyer-design', 'עיצוב כרזות, פלאיירים ועלונים לאירועים ופרויקטים', 'עיצוב גרפי מקצועי של כרזות, פלאיירים ועלונים לאירועים, קמפיינים ופרויקטים. עיצוב מותאם אישית עם דגש על מסר ברור ויזואל מושך.', '/images/service-poster-design.jpg', 'עיצוב גרפי') ON CONFLICT (id) DO NOTHING;
INSERT INTO services (id, title, slug, short_description, long_description, image, category) VALUES ('f955765d-43d5-4a10-ac0f-99904af422e1', 'עיצוב סושיאל ואתרים', 'social-web-design', 'עיצוב פוסטים לרשתות חברתיות ועיצוב אתרים', 'עיצוב תוכן לרשתות חברתיות — פוסטים, סטוריז, באנרים — וכן עיצוב ממשקי אתרים. שפה עיצובית אחידה ומותאמת למותג.', '/images/service-social-design.jpg', 'עיצוב גרפי') ON CONFLICT (id) DO NOTHING;
INSERT INTO services (id, title, slug, short_description, long_description, image, category) VALUES ('783a2c47-703e-470c-b01c-3552dd90305f', 'עיצוב לוגו', 'logo-design', 'עיצוב לוגו ומיתוג ויזואלי', 'עיצוב לוגו מקורי ומקצועי הכולל תהליך מחקר, סקיצות ראשוניות ועיבוד סופי. מתאים לעסקים קטנים, עמותות ופרויקטים אישיים.', '/images/service-logo-design.jpg', 'עיצוב גרפי') ON CONFLICT (id) DO NOTHING;
INSERT INTO services (id, title, slug, short_description, long_description, image, category) VALUES ('0ad1f1c3-a77c-4cba-9dec-5ed723e738ba', 'מידול בתלת מימד Blender', '3d-modeling-blender', 'מידול ועיצוב תלת מימדי בתוכנת Blender', 'שירותי מידול תלת מימדי בתוכנת Blender — יצירת אובייקטים, דמויות, סצנות ואנימציות. מתאים לפרויקטים אמנותיים, משחקים וסרטונים.', '/images/service-3d-blender.jpg', 'תלת-מימד') ON CONFLICT (id) DO NOTHING;
INSERT INTO services (id, title, slug, short_description, long_description, image, category) VALUES ('8c2e2d22-cba6-4d32-9839-fa7e6d0aa1f0', 'מידול בתלת מימד SolidWorks', '3d-modeling-solidworks', 'מידול הנדסי מדויק בתוכנת SolidWorks', 'מידול תלת מימדי הנדסי בתוכנת SolidWorks — תכנון חלקים מכניים, הרכבות ושרטוטים טכניים. מתאים לפרויקטים טכנולוגיים ולמייקרים.', '/images/service-3d-solidworks.jpg', 'תלת-מימד') ON CONFLICT (id) DO NOTHING;
INSERT INTO services (id, title, slug, short_description, long_description, image, category) VALUES ('e8683bba-8e62-470d-9327-4bfed80a544c', 'הפקת סרטון תדמית', 'promo-video-production', 'הפקת סרטוני תדמית מקצועיים לעסקים ועמותות', 'הפקה מלאה של סרטון תדמית — מתסריט ועד עריכה סופית. כולל צילום, עריכה, גרפיקה ומוזיקה. מתאים לעסקים קטנים, עמותות ופרויקטים חברתיים.', '/images/service-promo-video.jpg', 'הפקת וידאו') ON CONFLICT (id) DO NOTHING;
INSERT INTO services (id, title, slug, short_description, long_description, image, category) VALUES ('ad6b9a4b-2623-4957-af77-c052b7b42ac8', 'הפקת סרטון אנימציה', 'animation-video-production', 'הפקת סרטוני אנימציה — 2D ו-3D', 'הפקת סרטוני אנימציה מקוריים בטכניקות שונות — 2D, 3D, מושן גרפיקס ועוד. מתאים לסרטוני הסברה, פרסומות ופרויקטים יצירתיים.', '/images/service-animation.jpg', 'הפקת וידאו') ON CONFLICT (id) DO NOTHING;
INSERT INTO services (id, title, slug, short_description, long_description, image, category) VALUES ('15640255-b385-4541-bdcd-e98594c9ea57', 'נגרות ובניית בעץ', 'woodworking', 'עבודות נגרות — בניית ריהוט, מדפים ופרויקטים מעץ', 'שירותי נגרות מקצועיים הכוללים בניית ריהוט בהתאמה אישית, מדפים, כלובים ופרויקטים מיוחדים מעץ. עבודה עם כלי עבודה מקצועיים ודגש על איכות ועיצוב.', '/images/service-woodworking.jpg', 'מייקרס') ON CONFLICT (id) DO NOTHING;
INSERT INTO services (id, title, slug, short_description, long_description, image, category) VALUES ('1f8190bf-0135-4859-a268-de4418e8fecf', 'עבודות מתכת', 'metalwork', 'עבודות מתכת — ריתוך, עיצוב וכיפוף', 'שירותי עבודות מתכת הכוללים ריתוך, כיפוף, חיתוך ועיצוב. מתאים לפרויקטים אמנותיים, פונקציונליים ושילוב מתכת בפרויקטי מייקרס.', '/images/service-metalwork.jpg', 'מייקרס') ON CONFLICT (id) DO NOTHING;
INSERT INTO services (id, title, slug, short_description, long_description, image, category) VALUES ('b7c6eede-1e0b-40e1-b3b1-f26270794911', 'טקסטיל - תיקון ותפירה', 'textile-sewing', 'תיקון בגדים, תפירה ועבודות טקסטיל', 'שירותי תפירה ותיקון בגדים, עיצוב טקסטיל ויצירת פריטים בהתאמה אישית. כולל תיקונים, התאמות מידה ויצירת פרויקטים מאפס.', '/images/service-textile.jpg', 'מייקרס') ON CONFLICT (id) DO NOTHING;
INSERT INTO services (id, title, slug, short_description, long_description, image, category) VALUES ('9e26d254-b41d-4b2a-b5c1-a08fa2fe4b5c', 'בניית אפליקציית ווב', 'web-app-development', 'פיתוח אפליקציות ווב מותאמות אישית', 'פיתוח אפליקציות ווב מקצועיות ומותאמות אישית — מאפליקציות ניהול ועד פלטפורמות שירות. שימוש בטכנולוגיות מודרניות עם דגש על חוויית משתמש וביצועים.', '/images/service-web-app.jpg', 'אפליקציות ואתרים') ON CONFLICT (id) DO NOTHING;
INSERT INTO services (id, title, slug, short_description, long_description, image, category) VALUES ('528d0675-39ca-43da-b774-888ddf906292', 'בניית ועיצוב אתר', 'website-design', 'עיצוב ובניית אתרים מקצועיים', 'בניית אתרי אינטרנט מעוצבים ורספונסיביים לעסקים, עמותות ופרויקטים אישיים. כולל עיצוב UI/UX, התאמה למובייל ואופטימיזציה למנועי חיפוש.', '/images/service-website-design.jpg', 'אפליקציות ואתרים') ON CONFLICT (id) DO NOTHING;
INSERT INTO services (id, title, slug, short_description, long_description, image, category) VALUES ('d34381f7-c9ed-4d6b-8aa9-1ed131797c1a', 'יצירת משחקים חינוכיים', 'educational-games', 'פיתוח משחקים חינוכיים דיגיטליים', 'יצירת משחקים חינוכיים אינטראקטיביים המשלבים למידה עם הנאה. מתאים לבתי ספר, עמותות וארגונים חינוכיים שרוצים להנגיש תכנים בצורה מעניינת.', '/images/service-edu-games.jpg', 'אפליקציות ואתרים') ON CONFLICT (id) DO NOTHING;
INSERT INTO services (id, title, slug, short_description, long_description, image, category) VALUES ('8a363b14-ebeb-421e-9d83-86d50557341a', 'הטמעת מערכות מחשוב ו-AI', 'ai-computing-systems', 'ייעוץ והטמעת פתרונות מחשוב ובינה מלאכותית', 'הטמעת מערכות מחשוב ופתרונות בינה מלאכותית מותאמים — אוטומציה, צ׳אטבוטים, ניתוח נתונים וכלי AI. ייעוץ טכנולוגי והתאמה לצרכי הארגון.', '/images/service-ai-systems.jpg', 'אפליקציות ואתרים') ON CONFLICT (id) DO NOTHING;
INSERT INTO services (id, title, slug, short_description, long_description, image, category) VALUES ('d5858664-7608-4795-845d-d04aa7f0916c', 'חוגי ספורט ובריאות הגוף', 'sports-health', 'חוגי ספורט, כושר ובריאות הגוף בהנחיית מאמנים צעירים ומוסמכים', 'חוגי ספורט ובריאות הגוף מציעים מגוון פעילויות גופניות בהנחיית מאמנים צעירים ומוסמכים. מאימוני כושר אישיים ועד שיעורי יוגה, פילאטיס וספורט קבוצתי — הכל מותאם לצרכים האישיים של כל משתתף. החוגים שלנו משלבים ידע מקצועי עם גישה רעננה וצעירה, ומספקים חוויה בריאותית מהנה ומעצימה.', '/images/service-sports-health.jpg', 'שיעורים וחוגים') ON CONFLICT (id) DO NOTHING;
INSERT INTO services (id, title, slug, short_description, long_description, image, category) VALUES ('bc36d7cd-a8a7-43cf-b3ca-d0f4720a009c', 'חיתוך לייזר ו-CNC', 'laser-cutting-cnc', 'חיתוך לייזר ועבודות CNC — חיתוך מדויק של חומרים שונים', 'שירותי חיתוך לייזר ו-CNC מקצועיים. חיתוך מדויק של עץ, אקריליק וחומרים נוספים ליצירת מוצרים, שלטים, קישוטים ועוד.', '/images/service-laser-cnc.jpg', 'מייקרס') ON CONFLICT (id) DO NOTHING;
INSERT INTO services (id, title, slug, short_description, long_description, image, category) VALUES ('9d9c88b6-f2b9-4b6b-9009-a619ed7cfec3', 'הדפסות תלת מימד', '3d-printing', 'הדפסות תלת מימד — יצירת אובייקטים ומודלים פיזיים', 'שירותי הדפסה תלת מימדית. יצירת מודלים, אבות טיפוס, חלקים מותאמים אישית ואובייקטים מעוצבים באמצעות מדפסות תלת מימד.', '/images/service-3d-printing.jpg', 'מייקרס') ON CONFLICT (id) DO NOTHING;
INSERT INTO services (id, title, slug, short_description, long_description, image, category) VALUES ('645b94be-e655-41e2-b96a-c86fb71b3bc5', 'שיעור תורה', 'torah-lesson', 'שיעורי יהדות בדגש על פנימיות התורה.', 'שיעורי יהדות בדגש על פנימיות התורה.', '/images/service-torah-lesson.jpg', 'שיעורים וחוגים') ON CONFLICT (id) DO NOTHING;

INSERT INTO service_students (id, service_id, student_id) VALUES ('d4b3dd9e-b6b4-4e90-9633-b5ab87db929c', 'd17d1603-c1a8-44d7-a1f4-62839c2234e9', 'ido') ON CONFLICT (id) DO NOTHING;
INSERT INTO service_students (id, service_id, student_id) VALUES ('655858ce-8f2e-4445-b8f1-8053dd4cc214', '15640255-b385-4541-bdcd-e98594c9ea57', 'ido') ON CONFLICT (id) DO NOTHING;
INSERT INTO service_students (id, service_id, student_id) VALUES ('d090ced2-288c-4dce-b24e-57d8f53469c2', '1f8190bf-0135-4859-a268-de4418e8fecf', 'ido') ON CONFLICT (id) DO NOTHING;
INSERT INTO service_students (id, service_id, student_id) VALUES ('7f6e3b41-0722-419c-a510-1d060a3632b1', 'b7c6eede-1e0b-40e1-b3b1-f26270794911', 'maya') ON CONFLICT (id) DO NOTHING;
INSERT INTO service_students (id, service_id, student_id) VALUES ('76dd1b53-4b99-4275-8aae-0b69a0563160', 'f8a2f83d-a968-4920-ad05-89e808606ac2', 'maya') ON CONFLICT (id) DO NOTHING;
INSERT INTO service_students (id, service_id, student_id) VALUES ('aae2e0d8-2dbb-4f82-b567-b183c6bcda80', 'd17d1603-c1a8-44d7-a1f4-62839c2234e9', 'maya') ON CONFLICT (id) DO NOTHING;
INSERT INTO service_students (id, service_id, student_id) VALUES ('9bda0070-410b-4133-9a7d-84b73d0e8d98', 'e8683bba-8e62-470d-9327-4bfed80a544c', 'bar') ON CONFLICT (id) DO NOTHING;
INSERT INTO service_students (id, service_id, student_id) VALUES ('a8edc2de-d10e-4118-b2ac-c3941bee9e03', 'd34381f7-c9ed-4d6b-8aa9-1ed131797c1a', 'bar') ON CONFLICT (id) DO NOTHING;
INSERT INTO service_students (id, service_id, student_id) VALUES ('74c8d893-ea66-4ef2-8694-7737c03ddc5c', 'f8a2f83d-a968-4920-ad05-89e808606ac2', 'yaara') ON CONFLICT (id) DO NOTHING;
INSERT INTO service_students (id, service_id, student_id) VALUES ('c8ccdbdf-c691-416e-9500-46885a94f5ac', 'd1e2f665-7554-4867-970a-477907a6a7ca', 'yaara') ON CONFLICT (id) DO NOTHING;
INSERT INTO service_students (id, service_id, student_id) VALUES ('7ae15226-6ea3-4589-a751-e1303f74b046', 'b7c6eede-1e0b-40e1-b3b1-f26270794911', 'yaara') ON CONFLICT (id) DO NOTHING;
INSERT INTO service_students (id, service_id, student_id) VALUES ('abe13280-b1e9-4e85-8dc0-5ea8c5a9f5ec', '503f3ef2-07c0-49c8-9409-7aba8a65a793', 'finn') ON CONFLICT (id) DO NOTHING;
INSERT INTO service_students (id, service_id, student_id) VALUES ('e8f3096d-6979-4608-a8ba-8c4a1fa73e7f', 'e8683bba-8e62-470d-9327-4bfed80a544c', 'finn') ON CONFLICT (id) DO NOTHING;
INSERT INTO service_students (id, service_id, student_id) VALUES ('bb3903ab-15be-4288-9e62-67cc59358495', 'a65a2e3f-9fd6-4482-a1a6-6881dba0ce88', 'finn') ON CONFLICT (id) DO NOTHING;
INSERT INTO service_students (id, service_id, student_id) VALUES ('2ce18d41-f278-48ee-b683-a14da621af05', 'f8a2f83d-a968-4920-ad05-89e808606ac2', 'emma') ON CONFLICT (id) DO NOTHING;
INSERT INTO service_students (id, service_id, student_id) VALUES ('97c398a4-fdb0-4ad2-aa2e-5b2746bf091e', 'd1e2f665-7554-4867-970a-477907a6a7ca', 'emma') ON CONFLICT (id) DO NOTHING;
INSERT INTO service_students (id, service_id, student_id) VALUES ('332bb047-ea36-4c9e-a547-dc92573014d3', '783a2c47-703e-470c-b01c-3552dd90305f', 'emma') ON CONFLICT (id) DO NOTHING;
INSERT INTO service_students (id, service_id, student_id) VALUES ('4bf26b7f-a899-4002-9ae1-6e0d9068d4c0', 'e8683bba-8e62-470d-9327-4bfed80a544c', 'moriah') ON CONFLICT (id) DO NOTHING;
INSERT INTO service_students (id, service_id, student_id) VALUES ('836d39c9-7e89-4826-ba3a-63aeafd4e0fd', '3623340a-c99e-42f3-aeca-453cb74f44c8', 'moriah') ON CONFLICT (id) DO NOTHING;
INSERT INTO service_students (id, service_id, student_id) VALUES ('b8f18322-949f-44d0-9d28-5406412cf23a', 'f8a2f83d-a968-4920-ad05-89e808606ac2', 'moriah') ON CONFLICT (id) DO NOTHING;
INSERT INTO service_students (id, service_id, student_id) VALUES ('ed8fae4c-6f5b-409a-9e04-15e5498c5056', 'd1e2f665-7554-4867-970a-477907a6a7ca', 'moriah') ON CONFLICT (id) DO NOTHING;
INSERT INTO service_students (id, service_id, student_id) VALUES ('85dbc17c-b0a5-4f1e-bbb6-9257b9a89edf', 'f955765d-43d5-4a10-ac0f-99904af422e1', 'moriah') ON CONFLICT (id) DO NOTHING;
INSERT INTO service_students (id, service_id, student_id) VALUES ('1c2cf65a-1c1a-40cb-91d8-a41fe347760f', '783a2c47-703e-470c-b01c-3552dd90305f', 'moriah') ON CONFLICT (id) DO NOTHING;
INSERT INTO service_students (id, service_id, student_id) VALUES ('c569bdb7-aa31-482a-9324-ab73f50dcf66', 'b7c6eede-1e0b-40e1-b3b1-f26270794911', 'noga') ON CONFLICT (id) DO NOTHING;
INSERT INTO service_students (id, service_id, student_id) VALUES ('5814d6e7-4598-4be3-af8e-63433a79350d', 'f8a2f83d-a968-4920-ad05-89e808606ac2', 'noga') ON CONFLICT (id) DO NOTHING;
INSERT INTO service_students (id, service_id, student_id) VALUES ('37b20b26-1aaa-44bf-901e-9ac38a38ab3a', '3623340a-c99e-42f3-aeca-453cb74f44c8', 'tzvi') ON CONFLICT (id) DO NOTHING;
INSERT INTO service_students (id, service_id, student_id) VALUES ('a41f46f4-793b-40a2-a013-e5bbcb9d335e', '503f3ef2-07c0-49c8-9409-7aba8a65a793', 'tzvi') ON CONFLICT (id) DO NOTHING;
INSERT INTO service_students (id, service_id, student_id) VALUES ('411fd4cf-d2c3-4687-9a22-e8f9ddbbba6d', 'a65a2e3f-9fd6-4482-a1a6-6881dba0ce88', 'tzvi') ON CONFLICT (id) DO NOTHING;
INSERT INTO service_students (id, service_id, student_id) VALUES ('c51fa833-8862-4220-a451-8800c2796b82', 'e8683bba-8e62-470d-9327-4bfed80a544c', 'tzvi') ON CONFLICT (id) DO NOTHING;
INSERT INTO service_students (id, service_id, student_id) VALUES ('0253411a-b62e-4759-bb44-01808a3945b4', '70495057-34e5-432c-9da3-a321007fc601', 'tzvi') ON CONFLICT (id) DO NOTHING;
INSERT INTO service_students (id, service_id, student_id) VALUES ('18d85818-f5e6-4700-9ae3-7df0fcfd6c06', '026c32d5-3143-4251-a89d-d24012764e35', 'tzvi') ON CONFLICT (id) DO NOTHING;
INSERT INTO service_students (id, service_id, student_id) VALUES ('c43968f7-dbb5-4758-af0a-dfa6ca5fccb9', '4cba630c-040d-4add-887b-6ce8ad4d462b', 'tzvi') ON CONFLICT (id) DO NOTHING;
INSERT INTO service_students (id, service_id, student_id) VALUES ('842e3931-4381-4d62-b917-2c2a56f1b4a2', 'ad6b9a4b-2623-4957-af77-c052b7b42ac8', 'shiri') ON CONFLICT (id) DO NOTHING;
INSERT INTO service_students (id, service_id, student_id) VALUES ('e7e68362-311a-4d84-83ec-8b5551b42997', '3623340a-c99e-42f3-aeca-453cb74f44c8', 'shiri') ON CONFLICT (id) DO NOTHING;
INSERT INTO service_students (id, service_id, student_id) VALUES ('6536610a-645f-4c1d-b523-0bd37c8c9cb2', 'a65a2e3f-9fd6-4482-a1a6-6881dba0ce88', 'shiri') ON CONFLICT (id) DO NOTHING;
INSERT INTO service_students (id, service_id, student_id) VALUES ('ca07ba52-3b21-4d9e-9ddf-4a706abffc85', 'd17d1603-c1a8-44d7-a1f4-62839c2234e9', 'shiri') ON CONFLICT (id) DO NOTHING;
INSERT INTO service_students (id, service_id, student_id) VALUES ('d5b05a58-4d91-4a1c-96cf-184dd69a77cd', 'f8a2f83d-a968-4920-ad05-89e808606ac2', 'shiri') ON CONFLICT (id) DO NOTHING;
INSERT INTO service_students (id, service_id, student_id) VALUES ('8d3a8839-bd35-418c-9c62-2537ba20ad09', '4cba630c-040d-4add-887b-6ce8ad4d462b', 'shiri') ON CONFLICT (id) DO NOTHING;
INSERT INTO service_students (id, service_id, student_id) VALUES ('aed72c61-d107-4657-b09d-d406129acd29', 'd1e2f665-7554-4867-970a-477907a6a7ca', 'shiri') ON CONFLICT (id) DO NOTHING;
INSERT INTO service_students (id, service_id, student_id) VALUES ('208d53cc-9ade-438f-8e41-81fab2e8e02a', 'f955765d-43d5-4a10-ac0f-99904af422e1', 'shiri') ON CONFLICT (id) DO NOTHING;
INSERT INTO service_students (id, service_id, student_id) VALUES ('d1b091ce-e7bd-4b26-a0c7-e8331dd39d30', '783a2c47-703e-470c-b01c-3552dd90305f', 'shiri') ON CONFLICT (id) DO NOTHING;
INSERT INTO service_students (id, service_id, student_id) VALUES ('3ee463a2-610f-4cf0-83af-ef64088810ee', 'b7c6eede-1e0b-40e1-b3b1-f26270794911', 'shiri') ON CONFLICT (id) DO NOTHING;
INSERT INTO service_students (id, service_id, student_id) VALUES ('0d5e4965-b8db-4a7e-aa46-526ddded8b98', '9e26d254-b41d-4b2a-b5c1-a08fa2fe4b5c', 'oren') ON CONFLICT (id) DO NOTHING;
INSERT INTO service_students (id, service_id, student_id) VALUES ('d96e50fc-0188-45c8-b776-f10c254b1d86', '8a363b14-ebeb-421e-9d83-86d50557341a', 'oren') ON CONFLICT (id) DO NOTHING;
INSERT INTO service_students (id, service_id, student_id) VALUES ('b395d31d-29f9-4026-94cf-5daedf22af39', '528d0675-39ca-43da-b774-888ddf906292', 'oren') ON CONFLICT (id) DO NOTHING;
INSERT INTO service_students (id, service_id, student_id) VALUES ('6d5971a3-97b9-4570-87c3-226ba9048c0a', 'b7c6eede-1e0b-40e1-b3b1-f26270794911', 'oren') ON CONFLICT (id) DO NOTHING;
INSERT INTO service_students (id, service_id, student_id) VALUES ('579a63f4-6d34-4860-9db7-88426205d24b', '92124912-7545-411e-9f5c-69f7c3756007', 'oren') ON CONFLICT (id) DO NOTHING;
INSERT INTO service_students (id, service_id, student_id) VALUES ('c815c1eb-0781-4de2-b06f-de8f1470a49d', 'b7c6eede-1e0b-40e1-b3b1-f26270794911', 'noya') ON CONFLICT (id) DO NOTHING;
INSERT INTO service_students (id, service_id, student_id) VALUES ('631f7fa2-13ed-4032-9024-48222c372140', 'f8a2f83d-a968-4920-ad05-89e808606ac2', 'noya') ON CONFLICT (id) DO NOTHING;
INSERT INTO service_students (id, service_id, student_id) VALUES ('71bce287-dc51-4a11-abfd-a0c1bbbb374e', '15640255-b385-4541-bdcd-e98594c9ea57', 'naama') ON CONFLICT (id) DO NOTHING;
INSERT INTO service_students (id, service_id, student_id) VALUES ('029a4e0e-e11b-491c-9134-e034fb16988f', 'f8a2f83d-a968-4920-ad05-89e808606ac2', 'naama') ON CONFLICT (id) DO NOTHING;
INSERT INTO service_students (id, service_id, student_id) VALUES ('26652419-e496-419e-ac1c-e219e345d032', '503f3ef2-07c0-49c8-9409-7aba8a65a793', 'yishai') ON CONFLICT (id) DO NOTHING;
INSERT INTO service_students (id, service_id, student_id) VALUES ('9d405c82-8472-4b1f-8fef-fbb4fa161b47', 'ad6b9a4b-2623-4957-af77-c052b7b42ac8', 'yishai') ON CONFLICT (id) DO NOTHING;
INSERT INTO service_students (id, service_id, student_id) VALUES ('a7ccfa78-067d-43e6-b250-c5092eade8d6', '026c32d5-3143-4251-a89d-d24012764e35', 'yishai') ON CONFLICT (id) DO NOTHING;
INSERT INTO service_students (id, service_id, student_id) VALUES ('e19c1895-658e-452e-90ff-51e1b9985220', 'f8a2f83d-a968-4920-ad05-89e808606ac2', 'yishai') ON CONFLICT (id) DO NOTHING;
INSERT INTO service_students (id, service_id, student_id) VALUES ('7cd2ab9b-53a7-419e-bb5e-a11eddae8ac3', '15640255-b385-4541-bdcd-e98594c9ea57', 'yishai') ON CONFLICT (id) DO NOTHING;
INSERT INTO service_students (id, service_id, student_id) VALUES ('705e4238-4854-43fa-81d9-3da31516f091', '1f8190bf-0135-4859-a268-de4418e8fecf', 'yishai') ON CONFLICT (id) DO NOTHING;
INSERT INTO service_students (id, service_id, student_id) VALUES ('7430ead8-ed70-4881-b9a9-438e1d7691fa', 'b7c6eede-1e0b-40e1-b3b1-f26270794911', 'yishai') ON CONFLICT (id) DO NOTHING;
INSERT INTO service_students (id, service_id, student_id) VALUES ('2dfb5f72-b4f7-4eb8-80c5-40430ca9eee6', '3623340a-c99e-42f3-aeca-453cb74f44c8', 'miyael') ON CONFLICT (id) DO NOTHING;
INSERT INTO service_students (id, service_id, student_id) VALUES ('5c38b604-74d8-44a4-b292-23b03cf6e262', 'f8a2f83d-a968-4920-ad05-89e808606ac2', 'miyael') ON CONFLICT (id) DO NOTHING;
INSERT INTO service_students (id, service_id, student_id) VALUES ('3b5a7abe-2c2e-45e4-b23c-00624b4ea912', 'd5858664-7608-4795-845d-d04aa7f0916c', 'miyael') ON CONFLICT (id) DO NOTHING;
INSERT INTO service_students (id, service_id, student_id) VALUES ('6116e07a-25dc-4c1c-b47e-6f26f850bc9b', 'd5858664-7608-4795-845d-d04aa7f0916c', 'rafael') ON CONFLICT (id) DO NOTHING;
INSERT INTO service_students (id, service_id, student_id) VALUES ('804c4fd7-b3ab-4e7b-9a68-c32c17042869', 'd17d1603-c1a8-44d7-a1f4-62839c2234e9', 'hillel') ON CONFLICT (id) DO NOTHING;
INSERT INTO service_students (id, service_id, student_id) VALUES ('4fb1fd04-db11-40b8-b75d-ed409b056566', '9e26d254-b41d-4b2a-b5c1-a08fa2fe4b5c', 'hillel') ON CONFLICT (id) DO NOTHING;
INSERT INTO service_students (id, service_id, student_id) VALUES ('f60a1107-6164-4ae6-9049-6be763393da2', '528d0675-39ca-43da-b774-888ddf906292', 'hillel') ON CONFLICT (id) DO NOTHING;
INSERT INTO service_students (id, service_id, student_id) VALUES ('7648b23c-4151-42ae-9f84-bbd7ebf64a06', 'ad6b9a4b-2623-4957-af77-c052b7b42ac8', 'natali') ON CONFLICT (id) DO NOTHING;
INSERT INTO service_students (id, service_id, student_id) VALUES ('6270bc96-a5d7-454e-a427-d1f668a1ef3d', 'f8a2f83d-a968-4920-ad05-89e808606ac2', 'natali') ON CONFLICT (id) DO NOTHING;
INSERT INTO service_students (id, service_id, student_id) VALUES ('8e818672-c16a-4072-bf24-375675b7ccaa', 'd1e2f665-7554-4867-970a-477907a6a7ca', 'natali') ON CONFLICT (id) DO NOTHING;
INSERT INTO service_students (id, service_id, student_id) VALUES ('88803602-8a2e-42e3-84ff-2bbbdea85ece', 'f955765d-43d5-4a10-ac0f-99904af422e1', 'natali') ON CONFLICT (id) DO NOTHING;
INSERT INTO service_students (id, service_id, student_id) VALUES ('53f79248-162b-48bf-a393-528f07e9c0f7', '783a2c47-703e-470c-b01c-3552dd90305f', 'natali') ON CONFLICT (id) DO NOTHING;
INSERT INTO service_students (id, service_id, student_id) VALUES ('751e4448-0642-48e7-ae93-2fb4ef7d2172', 'ad6b9a4b-2623-4957-af77-c052b7b42ac8', 'toby') ON CONFLICT (id) DO NOTHING;
INSERT INTO service_students (id, service_id, student_id) VALUES ('864ed472-95b2-4a68-92a2-a161a12b5479', 'f8a2f83d-a968-4920-ad05-89e808606ac2', 'toby') ON CONFLICT (id) DO NOTHING;
INSERT INTO service_students (id, service_id, student_id) VALUES ('d4abcb48-06e4-4330-aaac-b1a3a24eca12', 'd1e2f665-7554-4867-970a-477907a6a7ca', 'toby') ON CONFLICT (id) DO NOTHING;
INSERT INTO service_students (id, service_id, student_id) VALUES ('b6f28a83-549c-472a-ae69-641e6062b4db', 'f955765d-43d5-4a10-ac0f-99904af422e1', 'toby') ON CONFLICT (id) DO NOTHING;
INSERT INTO service_students (id, service_id, student_id) VALUES ('009b71f7-3060-4708-814d-e971abc9538f', '783a2c47-703e-470c-b01c-3552dd90305f', 'toby') ON CONFLICT (id) DO NOTHING;
INSERT INTO service_students (id, service_id, student_id) VALUES ('ab15e59d-f0b0-4652-9d6f-c51bf5e1451d', '3623340a-c99e-42f3-aeca-453cb74f44c8', 'yoav') ON CONFLICT (id) DO NOTHING;
INSERT INTO service_students (id, service_id, student_id) VALUES ('1dfd4f79-cd0d-4f06-96ca-10988bad3adc', 'a65a2e3f-9fd6-4482-a1a6-6881dba0ce88', 'yoav') ON CONFLICT (id) DO NOTHING;
INSERT INTO service_students (id, service_id, student_id) VALUES ('86814b52-b0e7-4372-999f-e42d5e3ca8f8', '4cba630c-040d-4add-887b-6ce8ad4d462b', 'yoav') ON CONFLICT (id) DO NOTHING;
INSERT INTO service_students (id, service_id, student_id) VALUES ('718dc54d-438d-45ad-85b0-7c716f673834', '503f3ef2-07c0-49c8-9409-7aba8a65a793', 'eden') ON CONFLICT (id) DO NOTHING;
INSERT INTO service_students (id, service_id, student_id) VALUES ('21bda450-d506-4447-994d-18a3c3556ec4', 'e8683bba-8e62-470d-9327-4bfed80a544c', 'eden') ON CONFLICT (id) DO NOTHING;
INSERT INTO service_students (id, service_id, student_id) VALUES ('d5794a60-ce73-4328-aa08-c3395add7a87', '026c32d5-3143-4251-a89d-d24012764e35', 'eden') ON CONFLICT (id) DO NOTHING;
INSERT INTO service_students (id, service_id, student_id) VALUES ('141d7dda-f54d-416a-a0e7-3e09ad4a53f4', 'b7c6eede-1e0b-40e1-b3b1-f26270794911', 'eden') ON CONFLICT (id) DO NOTHING;
INSERT INTO service_students (id, service_id, student_id) VALUES ('df9a01f0-9766-4123-8d58-f3c1764bdc89', '15640255-b385-4541-bdcd-e98594c9ea57', 'eden') ON CONFLICT (id) DO NOTHING;
INSERT INTO service_students (id, service_id, student_id) VALUES ('26bea734-e09a-4949-b33f-ab19179ef134', 'bc36d7cd-a8a7-43cf-b3ca-d0f4720a009c', 'eden') ON CONFLICT (id) DO NOTHING;
INSERT INTO service_students (id, service_id, student_id) VALUES ('74784396-514d-4b06-aed7-a287cf00ada1', '503f3ef2-07c0-49c8-9409-7aba8a65a793', 'idan') ON CONFLICT (id) DO NOTHING;
INSERT INTO service_students (id, service_id, student_id) VALUES ('86bec062-8801-4ce3-a45a-9c760b56ce6e', '70495057-34e5-432c-9da3-a321007fc601', 'idan') ON CONFLICT (id) DO NOTHING;
INSERT INTO service_students (id, service_id, student_id) VALUES ('a794b791-91bb-48fd-ad8d-08df02cf85a6', 'd17d1603-c1a8-44d7-a1f4-62839c2234e9', 'idan') ON CONFLICT (id) DO NOTHING;
INSERT INTO service_students (id, service_id, student_id) VALUES ('a4dec275-ee51-4092-8954-bba59e5d8493', 'b7c6eede-1e0b-40e1-b3b1-f26270794911', 'idan') ON CONFLICT (id) DO NOTHING;
INSERT INTO service_students (id, service_id, student_id) VALUES ('80d782cf-4836-4903-99c5-a23b0123c91a', '9e26d254-b41d-4b2a-b5c1-a08fa2fe4b5c', 'idan') ON CONFLICT (id) DO NOTHING;
INSERT INTO service_students (id, service_id, student_id) VALUES ('5bfdfe72-a658-42cf-bdd8-3be303d4aade', 'bc36d7cd-a8a7-43cf-b3ca-d0f4720a009c', 'idan') ON CONFLICT (id) DO NOTHING;
INSERT INTO service_students (id, service_id, student_id) VALUES ('655a2c72-9b6f-4687-a0c8-ed0818721285', '9d9c88b6-f2b9-4b6b-9009-a619ed7cfec3', 'idan') ON CONFLICT (id) DO NOTHING;
INSERT INTO service_students (id, service_id, student_id) VALUES ('ce1d1248-325b-4331-a6ff-ee019e14336d', '15640255-b385-4541-bdcd-e98594c9ea57', 'alon') ON CONFLICT (id) DO NOTHING;
INSERT INTO service_students (id, service_id, student_id) VALUES ('da36cffc-f511-4c47-a5fc-a7e68de44cc9', '1f8190bf-0135-4859-a268-de4418e8fecf', 'alon') ON CONFLICT (id) DO NOTHING;
INSERT INTO service_students (id, service_id, student_id) VALUES ('b7cf6f2a-dab5-400f-b798-f9ff79db9618', 'b7c6eede-1e0b-40e1-b3b1-f26270794911', 'alon') ON CONFLICT (id) DO NOTHING;
INSERT INTO service_students (id, service_id, student_id) VALUES ('f396c0ac-354d-4d11-a0ae-0e1fff2e835f', '8c2e2d22-cba6-4d32-9839-fa7e6d0aa1f0', 'alon') ON CONFLICT (id) DO NOTHING;
INSERT INTO service_students (id, service_id, student_id) VALUES ('41b97d2b-7332-4969-b98e-f8caa94d39ec', 'bc36d7cd-a8a7-43cf-b3ca-d0f4720a009c', 'alon') ON CONFLICT (id) DO NOTHING;
INSERT INTO service_students (id, service_id, student_id) VALUES ('5316c477-878a-4e39-8669-c180ac01bdc0', '9d9c88b6-f2b9-4b6b-9009-a619ed7cfec3', 'alon') ON CONFLICT (id) DO NOTHING;
INSERT INTO service_students (id, service_id, student_id) VALUES ('c6f40c82-c421-4ffc-8d0d-9448e66e10e9', 'd17d1603-c1a8-44d7-a1f4-62839c2234e9', 'arbel') ON CONFLICT (id) DO NOTHING;
INSERT INTO service_students (id, service_id, student_id) VALUES ('13b8112b-4642-4681-b0d5-0886eaefb2ed', 'f8a2f83d-a968-4920-ad05-89e808606ac2', 'arbel') ON CONFLICT (id) DO NOTHING;
INSERT INTO service_students (id, service_id, student_id) VALUES ('2a11a91c-0476-414c-9a0c-bdcef2dac2be', 'd5858664-7608-4795-845d-d04aa7f0916c', 'arbel') ON CONFLICT (id) DO NOTHING;
INSERT INTO service_students (id, service_id, student_id) VALUES ('72387d11-64be-47a5-bbc0-d7de06e095c3', '8c2e2d22-cba6-4d32-9839-fa7e6d0aa1f0', 'arbel') ON CONFLICT (id) DO NOTHING;
INSERT INTO service_students (id, service_id, student_id) VALUES ('e0f69305-744d-4356-9bf8-8c526a36ccba', '0ad1f1c3-a77c-4cba-9dec-5ed723e738ba', 'arbel') ON CONFLICT (id) DO NOTHING;
INSERT INTO service_students (id, service_id, student_id) VALUES ('d054d6eb-630a-4011-8f95-10228e7285ca', '15640255-b385-4541-bdcd-e98594c9ea57', 'arbel') ON CONFLICT (id) DO NOTHING;
INSERT INTO service_students (id, service_id, student_id) VALUES ('4aed4389-488c-46f8-b3a7-2c359152e4f9', '1f8190bf-0135-4859-a268-de4418e8fecf', 'arbel') ON CONFLICT (id) DO NOTHING;
INSERT INTO service_students (id, service_id, student_id) VALUES ('e9214d8a-2830-4e82-b3b7-376edb4db0c6', 'bc36d7cd-a8a7-43cf-b3ca-d0f4720a009c', 'arbel') ON CONFLICT (id) DO NOTHING;
INSERT INTO service_students (id, service_id, student_id) VALUES ('3a3822cd-aa98-4958-9056-bfccf66763a8', '9d9c88b6-f2b9-4b6b-9009-a619ed7cfec3', 'arbel') ON CONFLICT (id) DO NOTHING;
INSERT INTO service_students (id, service_id, student_id) VALUES ('c6facdb0-78c0-4989-bda4-972a38379749', '503f3ef2-07c0-49c8-9409-7aba8a65a793', 'aviv') ON CONFLICT (id) DO NOTHING;
INSERT INTO service_students (id, service_id, student_id) VALUES ('82e5435f-f93d-4548-a62a-9f6ab30ca454', '026c32d5-3143-4251-a89d-d24012764e35', 'aviv') ON CONFLICT (id) DO NOTHING;
INSERT INTO service_students (id, service_id, student_id) VALUES ('01735d6b-6fcc-4251-ac1d-dbf8f553d3f9', '92124912-7545-411e-9f5c-69f7c3756007', 'aviv') ON CONFLICT (id) DO NOTHING;
INSERT INTO service_students (id, service_id, student_id) VALUES ('0b65aa4f-3e7f-4f29-89ba-cb0dc73f9b84', '0ad1f1c3-a77c-4cba-9dec-5ed723e738ba', 'aviv') ON CONFLICT (id) DO NOTHING;
INSERT INTO service_students (id, service_id, student_id) VALUES ('019f1a22-49c4-4433-a18e-5e2c8fade290', '9e26d254-b41d-4b2a-b5c1-a08fa2fe4b5c', 'aviv') ON CONFLICT (id) DO NOTHING;
INSERT INTO service_students (id, service_id, student_id) VALUES ('ac6c7904-10a5-430e-8321-6d83e7e6f31c', '528d0675-39ca-43da-b774-888ddf906292', 'aviv') ON CONFLICT (id) DO NOTHING;
INSERT INTO service_students (id, service_id, student_id) VALUES ('82125323-2580-49a4-8281-ddef12eb9875', '8a363b14-ebeb-421e-9d83-86d50557341a', 'aviv') ON CONFLICT (id) DO NOTHING;
INSERT INTO service_students (id, service_id, student_id) VALUES ('5fef9c27-21cf-4e46-bd90-be01440ff81e', '503f3ef2-07c0-49c8-9409-7aba8a65a793', 'binyamin') ON CONFLICT (id) DO NOTHING;
INSERT INTO service_students (id, service_id, student_id) VALUES ('f7f08985-0161-416e-9407-36c1c373f30f', '026c32d5-3143-4251-a89d-d24012764e35', 'binyamin') ON CONFLICT (id) DO NOTHING;
INSERT INTO service_students (id, service_id, student_id) VALUES ('3a426b7e-5656-4241-9968-ab248a52dca6', '0ad1f1c3-a77c-4cba-9dec-5ed723e738ba', 'binyamin') ON CONFLICT (id) DO NOTHING;
INSERT INTO service_students (id, service_id, student_id) VALUES ('eac0b219-8b55-4431-b5d6-541ed3773c78', '9d9c88b6-f2b9-4b6b-9009-a619ed7cfec3', 'binyamin') ON CONFLICT (id) DO NOTHING;
INSERT INTO service_students (id, service_id, student_id) VALUES ('c7fb58d5-59ab-43d9-bd42-8a13d19d73d9', '645b94be-e655-41e2-b96a-c86fb71b3bc5', 'binyamin') ON CONFLICT (id) DO NOTHING;

ALTER TABLE students ENABLE ROW LEVEL SECURITY;
ALTER TABLE services ENABLE ROW LEVEL SECURITY;
ALTER TABLE service_students ENABLE ROW LEVEL SECURITY;

COMMIT;
